{
    "lr": [
        0.001,
        0.001,
        0.001,
        0.001,
        0.001,
        0.001,
        0.001,
        0.001,
        0.001,
        0.001,
        0.001,
        0.001,
        0.001,
        0.001,
        0.001,
        0.001,
        0.001,
        0.001,
        0.001,
        0.001,
        0.001,
        0.001,
        0.001,
        0.001,
        0.001,
        0.001,
        0.001,
        0.001,
        0.001,
        0.001,
        0.001,
        0.001,
        0.001,
        0.001,
        0.001,
        0.001,
        0.001,
        0.001,
        0.001,
        0.001,
        0.001,
        0.001,
        0.001,
        0.001,
        0.001,
        0.001,
        0.001,
        0.001,
        0.001,
        0.001,
        0.001,
        0.001,
        0.001,
        0.001,
        0.001,
        0.001,
        0.001,
        0.001,
        0.001,
        0.001,
        0.001,
        0.001,
        0.001,
        0.001,
        0.001,
        0.001,
        0.001,
        0.001,
        0.001,
        0.001
    ],
    "train_acc": [
        0.2670636189258312,
        0.43318414322250637,
        0.5283527813299232,
        0.5999240728900256,
        0.644161604859335,
        0.6761908567774936,
        0.7045636189258312,
        0.7259630754475703,
        0.7474624360613811,
        0.7583320012787724,
        0.7758751598465473,
        0.7902613491048593,
        0.8021299552429667,
        0.8121203644501279,
        0.821990888746803,
        0.8318813938618926,
        0.8404731457800512,
        0.846787084398977,
        0.8544597186700768,
        0.8619125639386189,
        0.868486253196931,
        0.8756793478260869,
        0.8806146099744245,
        0.8829723465473146,
        0.8883272058823529,
        0.8945012787723785,
        0.8975783248081841,
        0.9027933184143222,
        0.9057704603580563,
        0.9088874680306905,
        0.9112851662404092,
        0.9172794117647058,
        0.9167399296675192,
        0.9222546355498721,
        0.9229739450127877,
        0.926710358056266,
        0.9289082480818415,
        0.9304267902813299,
        0.9290081521739131,
        0.9335637787723785,
        0.9331441815856778,
        0.9385989450127877,
        0.938798753196931,
        0.9418558184143222,
        0.9427349744245525,
        0.9437939578005116,
        0.9460917519181585,
        0.9453524616368286,
        0.9461317135549873,
        0.9485294117647058,
        0.9481098145780051,
        0.951446611253197,
        0.953125,
        0.9521259590792839,
        0.954363810741688,
        0.9545835997442456,
        0.9539841751918159,
        0.9572410485933504,
        0.9563419117647058,
        0.9579203964194374,
        0.9579803388746803,
        0.9568014705882353,
        0.9594389386189258,
        0.9588594948849105,
        0.9626358695652174,
        0.9619565217391305,
        0.9624960038363172,
        0.9629355818414322,
        0.9625159846547314,
        0.9626558503836317
    ],
    "train_loss": [
        1.9557640570813737,
        1.5536108957532118,
        1.2970391521063607,
        1.1223525955244098,
        0.997106432228747,
        0.911327402381336,
        0.8347363102314113,
        0.7705664986844563,
        0.7206352018486814,
        0.6804413687618797,
        0.6336643660769743,
        0.5969396177155283,
        0.5674681506688942,
        0.5397142411574073,
        0.5074922357259504,
        0.48337661177682145,
        0.45907962665228585,
        0.43945395944597165,
        0.41607287873887955,
        0.3978565092796407,
        0.376073103083674,
        0.35910966963795443,
        0.34562653894810114,
        0.33161898950100555,
        0.3197608230649815,
        0.30473006850160905,
        0.2936010854152005,
        0.2820890756976574,
        0.26977117390126526,
        0.26035349654591144,
        0.25690085716698025,
        0.24121822134289136,
        0.23747683942908673,
        0.22219996117150692,
        0.22144187158426207,
        0.21249580551462863,
        0.20563722669106463,
        0.20338455354199386,
        0.20320849580561642,
        0.19238843917465576,
        0.18998034397506958,
        0.17703115856489332,
        0.17569887872709108,
        0.16786587738153308,
        0.16312035595012062,
        0.16108949486966556,
        0.15533224659998093,
        0.15420877600750885,
        0.1554578206694835,
        0.14827237222724787,
        0.14648125814321591,
        0.13877146862818837,
        0.13285361058400263,
        0.13819015482345315,
        0.13299319935757714,
        0.1315921366148059,
        0.13160551216720087,
        0.12470052980810709,
        0.12606867092311422,
        0.12042369089706247,
        0.12222877506385832,
        0.12095575546726699,
        0.11586241218525811,
        0.11561877212232298,
        0.1074253013524253,
        0.11012554267133155,
        0.10547039774663346,
        0.10806069711742498,
        0.10761450655172433,
        0.10790160976712355
    ],
    "valid_acc": [
        0.3927436440677966,
        0.5149629237288136,
        0.5953389830508474,
        0.6640625,
        0.698093220338983,
        0.7301377118644068,
        0.746822033898305,
        0.7746292372881356,
        0.7915783898305084,
        0.7954184322033898,
        0.826271186440678,
        0.8020391949152542,
        0.8511652542372882,
        0.8801641949152542,
        0.8719544491525424,
        0.8795021186440678,
        0.896583686440678,
        0.8919491525423728,
        0.8851959745762712,
        0.9033368644067796,
        0.9000264830508474,
        0.9085010593220338,
        0.9273040254237288,
        0.932865466101695,
        0.9418697033898306,
        0.9283633474576272,
        0.9304819915254238,
        0.9361758474576272,
        0.946239406779661,
        0.9469014830508474,
        0.9557733050847458,
        0.9367055084745762,
        0.9552436440677966,
        0.944385593220339,
        0.9606726694915254,
        0.9536546610169492,
        0.9570974576271186,
        0.9511387711864406,
        0.9533898305084746,
        0.9704713983050848,
        0.956302966101695,
        0.9598781779661016,
        0.9717955508474576,
        0.9612023305084746,
        0.9654396186440678,
        0.9725900423728814,
        0.9699417372881356,
        0.9658368644067796,
        0.9741790254237288,
        0.9711334745762712,
        0.96875,
        0.973781779661017,
        0.9748411016949152,
        0.9785487288135594,
        0.9740466101694916,
        0.972854872881356,
        0.9729872881355932,
        0.9702065677966102,
        0.9766949152542372,
        0.9833156779661016,
        0.9759004237288136,
        0.9785487288135594,
        0.9826536016949152,
        0.9769597457627118,
        0.985301906779661,
        0.973781779661017,
        0.9768273305084746,
        0.9780190677966102,
        0.9786811440677966,
        0.9785487288135594
    ],