{
    "lr": [
        0.01,
        0.01,
        0.01,
        0.01,
        0.01,
        0.01,
        0.01,
        0.01,
        0.01,
        0.009300000000000001,
        0.009300000000000001,
        0.009300000000000001,
        0.009300000000000001,
        0.009300000000000001,
        0.009300000000000001,
        0.009300000000000001,
        0.009300000000000001,
        0.008600000000000002,
        0.008600000000000002,
        0.008600000000000002,
        0.008600000000000002,
        0.008600000000000002,
        0.008600000000000002,
        0.008600000000000002,
        0.008600000000000002,
        0.0079,
        0.0079,
        0.0079,
        0.0079,
        0.0079,
        0.0079,
        0.0079,
        0.0079,
        0.007200000000000001,
        0.007200000000000001,
        0.007200000000000001,
        0.007200000000000001,
        0.007200000000000001,
        0.007200000000000001,
        0.007200000000000001,
        0.007200000000000001,
        0.006500000000000001,
        0.006500000000000001,
        0.006500000000000001,
        0.006500000000000001,
        0.006500000000000001,
        0.006500000000000001,
        0.006500000000000001,
        0.006500000000000001,
        0.0058000000000000005,
        0.0058000000000000005,
        0.0058000000000000005,
        0.0058000000000000005,
        0.0058000000000000005,
        0.0058000000000000005,
        0.0058000000000000005,
        0.0058000000000000005,
        0.0051,
        0.0051,
        0.0051,
        0.0051,
        0.0051,
        0.0051,
        0.0051,
        0.0051,
        0.0044,
        0.0044,
        0.0044,
        0.0044,
        0.0044,
        0.0044,
        0.0044,
        0.0044,
        0.0037,
        0.0037,
        0.0037,
        0.0037,
        0.0037,
        0.0037,
        0.0037,
        0.0037,
        0.0030000000000000005,
        0.0030000000000000005,
        0.0030000000000000005,
        0.0030000000000000005,
        0.0030000000000000005,
        0.0030000000000000005,
        0.0030000000000000005,
        0.0030000000000000005,
        0.0030000000000000005,
        0.0030000000000000005,
        0.0030000000000000005,
        0.0030000000000000005,
        0.0030000000000000005,
        0.0030000000000000005,
        0.0030000000000000005,
        0.0030000000000000005,
        0.0030000000000000005,
        0.0030000000000000005,
        0.0030000000000000005
    ],
    "train_acc": [
        0.2750079923273657,
        0.37107976342710997,
        0.4426990089514067,
        0.49366608056265987,
        0.5298393542199489,
        0.5523657289002557,
        0.5674352621483376,
        0.582400895140665,
        0.5967790920716112,
        0.6207760549872122,
        0.6308703644501279,
        0.6415401214833759,
        0.647965952685422,
        0.6532289002557544,
        0.663087436061381,
        0.6649136828644501,
        0.6801470588235294,
        0.6894301470588236,
        0.6998841112531969,
        0.7015744884910486,
        0.7108455882352942,
        0.7129875319693094,
        0.716008631713555,
        0.7228900255754475,
        0.724704283887468,
        0.7379835358056266,
        0.7462715792838875,
        0.7477781329923274,
        0.7511349104859336,
        0.7545716112531969,
        0.7575567455242966,
        0.7634630754475704,
        0.7735174232736572,
        0.7848505434782608,
        0.7884031329923273,
        0.7873601342710999,
        0.7955562659846548,
        0.7978021099744246,
        0.7957121163682865,
        0.8017423273657289,
        0.8082520780051151,
        0.8232816496163683,
        0.8274256713554987,
        0.8292679028132992,
        0.8327765345268543,
        0.840297314578005,
        0.8382872442455243,
        0.8408008312020461,
        0.8419717071611253,
        0.8640944693094629,
        0.8669117647058823,
        0.869341432225064,
        0.8716791879795397,
        0.8724424552429667,
        0.8785006393861892,
        0.8749760230179029,
        0.8809742647058824,
        0.9011748721227621,
        0.9041320332480819,
        0.902237851662404,
        0.9074488491048593,
        0.9091831841432225,
        0.9115449168797954,
        0.9145780051150896,
        0.914769820971867,
        0.9284686700767263,
        0.9351102941176471,
        0.9339394181585678,
        0.9317055626598465,
        0.9363810741687979,
        0.9346467391304347,
        0.9371843030690536,
        0.9366608056265985,
        0.9585837595907928,
        0.9613131393861893,
        0.9547554347826087,
        0.9526334718670078,
        0.9545796035805627,
        0.9567375319693096,
        0.9603900255754475,
        0.9581521739130434,
        0.9750199808184143,
        0.9741168478260869,
        0.9734335038363172,
        0.9692175511508951,
        0.9722426470588236,
        0.9717231457800513,
        0.9739849744245525,
        0.9709199168797954,
        0.9732456841432225,
        0.9726262787723785,
        0.9710557864450128,
        0.9725383631713554,
        0.973113810741688,
        0.9759271099744244,
        0.9737252237851662,
        0.9743086636828644,
        0.9770300511508951,
        0.977505594629156,
        0.9698849104859336
    ],